City,Lat,Lng,Max Temp,Humidity,Cloudiness,Wind Speed,Country,Date
Katsuura,35.1333,140.3,51.8,82,75,1.14,JP,1614884814
Ushuaia,-54.8,-68.3,59.0,47,40,4.61,AR,1614884947
Cape Town,-33.9258,18.4232,68.0,63,20,11.5,ZA,1614885165
Lima,-12.0432,-77.0282,80.6,65,0,6.91,PE,1614885000
Albany,42.6001,-73.9662,35.01,36,11,8.99,US,1614885104
Zelenogradsk,54.9589,20.4767,33.01,86,0,11.18,RU,1614885027
Srednekolymsk,67.45,153.6833,-11.0,89,100,19.35,RU,1614884943
Henties Bay,-22.116,14.2845,71.92,62,0,11.72,NA,1614885167
Meulaboh,4.1363,96.1285,78.33,86,75,3.44,ID,1614885167
Khani,41.9563,42.9566,33.8,80,0,2.3,GE,1614885169
Rikitea,-23.1203,-134.9692,79.7,74,5,1.86,PF,1614884913
Grande Prairie,55.1667,-118.8027,24.8,74,75,4.61,CA,1614885170
Maromitsa,59.8683,48.0123,9.18,95,100,9.95,RU,1614885170
Bredasdorp,-34.5322,20.0403,59.0,100,31,1.14,ZA,1614885105
Port Elizabeth,-33.918,25.5701,68.0,88,0,9.22,ZA,1614884583
Nueva Loja,0.0847,-76.8828,84.2,65,75,4.61,EC,1614885170
Kuala Terengganu,5.3302,103.1408,80.6,83,20,3.44,MY,1614884908
Kaura Namoda,12.5898,6.5779,82.78,14,0,9.8,NG,1614885171
Avila,40.5833,-5.0,48.2,71,20,4.61,ES,1614885171
Hobyo,5.3505,48.5268,78.24,77,100,17.63,SO,1614884816
Puerto Ayora,-0.7393,-90.3518,84.2,79,75,9.22,EC,1614884636
Malanje,-9.5402,16.341,66.9,92,100,2.28,AO,1614885172
Kaitangata,-46.2817,169.8464,53.01,60,100,5.21,NZ,1614884998
Kahului,20.8947,-156.47,73.4,64,20,9.22,US,1614884815
Cukai,4.25,103.4167,80.6,83,20,4.61,MY,1614885172
Caravelas,-17.7125,-39.2481,82.6,59,59,8.1,BR,1614884918
Khatanga,71.9667,102.5,-27.47,78,0,11.74,RU,1614884971
Hithadhoo,-0.6,73.0833,82.89,71,96,8.63,MV,1614884577
Charters Towers,-20.1,146.2667,70.65,84,99,9.08,AU,1614884701
Pevek,69.7008,170.3133,-3.28,91,100,4.65,RU,1614884645
Upernavik,72.7868,-56.1549,-12.17,83,100,17.38,GL,1614884644
Jamestown,42.097,-79.2353,26.01,89,90,14.72,US,1614885173
Cascais,38.6979,-9.4215,55.0,84,100,6.67,PT,1614885174
George Town,5.4112,100.3354,82.4,94,20,2.3,MY,1614885102
Vaini,-21.2,-175.2,77.0,94,75,2.3,TO,1614885174
Saint Anthony,45.0205,-93.218,44.6,39,75,9.22,US,1614885174
Portland,45.5234,-122.6762,54.0,58,75,11.5,US,1614884570
Porto-Novo,6.4965,2.6036,86.0,84,40,14.97,BJ,1614885175
Yur’yevets,57.3201,43.1041,12.6,96,0,6.89,RU,1614885175
Natal,-5.795,-35.2094,86.0,70,75,20.71,BR,1614884911
Kalabo,-14.97,22.6814,68.56,84,100,3.85,ZM,1614885175
Carauari,-4.8828,-66.8958,79.83,87,100,4.76,BR,1614885175
Sørland,67.667,12.6934,28.4,100,90,20.71,NO,1614885069
Kaliua,-5.0606,31.7936,68.11,85,100,2.17,TZ,1614885176
Hobart,-42.8794,147.3294,52.0,58,40,13.8,AU,1614884911
Władysławowo,54.7909,18.4009,32.0,74,75,8.05,PL,1614885177
Along,28.1667,94.7667,58.3,80,88,1.25,IN,1614884902
Thompson,55.7435,-97.8558,21.2,68,20,3.44,CA,1614884951
Poronaysk,49.2167,143.1167,34.18,92,100,12.01,RU,1614884948
Rocha,-34.4833,-54.3333,77.67,74,100,10.47,UY,1614884546
Punta Arenas,-53.15,-70.9167,64.4,27,0,19.57,CL,1614884954
Severo-Kuril'sk,50.6789,156.125,30.74,97,89,26.64,RU,1614885021
Dubbo,-32.25,148.6167,51.8,76,0,4.79,AU,1614885226
Hasaki,35.7333,140.8333,48.0,100,75,2.3,JP,1614885226
Tegul'det,57.3064,88.1667,23.61,97,100,11.74,RU,1614885226
Belaya Gora,68.5333,146.4167,-14.58,86,100,25.08,RU,1614885227
Codrington,-38.2667,141.9667,55.22,78,67,9.17,AU,1614885227
Hollola,61.05,25.4333,19.99,90,96,1.01,FI,1614885227
Safi,32.2994,-9.2372,60.84,81,100,4.9,MA,1614885228
Vanavara,60.34,102.2797,-6.9,93,100,8.1,RU,1614885228
Port Moresby,-9.4431,147.1797,76.06,80,98,11.39,PG,1614884685
Port Alfred,-33.5906,26.891,70.0,90,47,1.99,ZA,1614885228
Havre-St-Pierre,50.2334,-63.5986,23.0,80,90,27.63,CA,1614885229
Esperance,-33.8667,121.9,66.2,88,91,11.5,AU,1614884759
Sozimskiy,59.7418,52.2482,22.82,98,100,6.8,RU,1614885230
Hermanus,-34.4187,19.2345,63.0,86,100,6.53,ZA,1614885230
Coquimbo,-29.9533,-71.3436,64.4,82,75,11.5,CL,1614884642
Margate,51.3813,1.3862,42.01,76,100,5.01,GB,1614885133
Atuona,-9.8,-139.0333,80.04,72,4,12.68,PF,1614884945
Norman Wells,65.282,-126.8329,-22.0,69,75,2.3,CA,1614884953
Vao,-22.6667,167.4833,76.84,80,94,15.97,NC,1614884635
Sungai Raya,0.7,108.9,76.1,90,97,6.53,ID,1614885066
Tiksi,71.6872,128.8694,-21.98,87,99,5.64,RU,1614885234
Barrow,71.2906,-156.7887,-25.6,68,1,10.36,US,1614885104
Hopelchén,19.7667,-89.85,82.4,69,40,9.22,MX,1614885234
Pochutla,15.7432,-96.4661,91.0,43,40,11.5,MX,1614885234
Hilo,19.7297,-155.09,73.4,64,1,4.54,US,1614885182
Lethem,3.3803,-59.7968,87.8,58,40,13.8,GY,1614885235
Yar-Sale,66.8333,70.8333,10.98,96,100,7.54,RU,1614885235
Ribeira Grande,38.5167,-28.7,60.8,67,20,6.91,PT,1614885236
Saint Paul Harbor,57.79,-152.4072,30.2,59,1,11.5,US,1614884951
New Norfolk,-42.7826,147.0587,52.0,60,77,1.99,AU,1614885236
Bantogon,6.5333,124.0333,77.18,78,84,4.7,PH,1614885237
Marzuq,14.4,46.4667,63.3,54,0,6.04,YE,1614885237
Bambous Virieux,-20.3428,57.7575,77.0,83,20,6.91,MU,1614884957
Saint-Philippe,-21.3585,55.7679,78.8,78,90,5.75,RE,1614885237
Busselton,-33.65,115.3333,66.99,98,100,8.59,AU,1614885237
Walvis Bay,-22.9575,14.5053,79.86,38,0,19.8,NA,1614884814
Simao,22.7886,100.9748,56.5,44,0,2.55,CN,1614885195
Olutanga,7.3106,122.8464,80.89,73,18,6.2,PH,1614885238
Half Moon Bay,37.4636,-122.4286,59.0,71,1,8.05,US,1614884879
Banda Aceh,5.5577,95.3222,79.65,83,1,6.76,ID,1614885196
Leningradskiy,69.3833,178.4167,1.71,91,100,32.93,RU,1614884935
Povenets,62.8487,34.8262,15.75,96,87,6.89,RU,1614885239
Nome,64.5011,-165.4064,1.4,71,90,35.68,US,1614884997
Mahébourg,-20.4081,57.7,77.0,83,20,6.91,MU,1614884878
Hachinohe,40.5,141.5,41.2,79,100,8.59,JP,1614885285
Tuktoyaktuk,69.4541,-133.0374,-22.0,69,20,3.44,CA,1614885285
Coburg,50.2667,10.9667,46.0,90,100,4.68,DE,1614885200
Arraial do Cabo,-22.9661,-42.0278,84.2,58,0,13.8,BR,1614885286
Brae,60.3964,-1.353,35.6,64,75,8.05,GB,1614885287
Batagay-Alyta,67.8006,130.4114,-21.84,82,100,3.56,RU,1614885287
Yārāda,17.65,83.2667,75.2,83,0,2.3,IN,1614885287
Ambulu,-8.345,113.6058,75.54,84,100,3.09,ID,1614885288
Qaanaaq,77.484,-69.3632,-23.58,71,0,9.33,GL,1614885289
Trairi,-3.2778,-39.2689,84.16,67,94,12.53,BR,1614885147
Iqaluit,63.7506,-68.5145,23.0,46,90,11.5,CA,1614884695
East London,-33.0153,27.9116,69.8,94,75,6.91,ZA,1614885290
Avarua,-21.2078,-159.775,82.4,83,75,10.36,CK,1614885109
Timizart,36.8,4.2667,51.49,82,79,2.53,DZ,1614885292
San Policarpo,12.1791,125.5072,79.5,80,5,12.28,PH,1614885015
Tricase,39.9304,18.3553,53.6,82,0,5.75,IT,1614885292
Chokurdakh,70.6333,147.9167,-10.77,90,100,21.21,RU,1614885292
Scarborough,54.2797,-0.4044,39.0,74,100,4.0,GB,1614884612
Berbera,10.4396,45.0143,78.1,79,0,7.29,SO,1614885293
Mossamedes,-15.1961,12.1522,75.31,85,83,2.39,AO,1614885293
Zhigansk,66.7697,123.3711,-36.44,83,2,0.63,RU,1614885294
Poum,-20.2333,164.0167,80.04,79,100,10.67,NC,1614885081
Nikolskoye,59.7035,30.7861,28.4,59,90,11.18,RU,1614885116
Pisco,-13.7,-76.2167,80.01,78,40,12.66,PE,1614885279
Buchanan,5.8808,-10.0467,80.6,83,40,8.14,LR,1614885295
Saint George,37.1041,-113.5841,55.99,44,40,3.44,US,1614885295
Kapaa,22.0752,-159.319,71.6,68,40,20.71,US,1614885295
Itapora,-22.0799,-54.7874,79.16,84,100,10.94,BR,1614885296
Kalmar,56.6616,16.3616,33.01,86,90,2.3,SE,1614885296
Klaksvík,62.2266,-6.589,33.8,75,75,6.91,FO,1614885110
Souillac,-20.5167,57.5167,75.2,88,20,6.91,MU,1614885296
Dingle,10.9995,122.6711,74.79,91,20,7.92,PH,1614885297
Cidreira,-30.1811,-50.2056,80.08,71,90,5.61,BR,1614885297
Torbay,47.6666,-52.7314,34.0,69,75,18.41,CA,1614885297
Butaritari,3.0707,172.7902,81.46,79,71,18.3,KI,1614885298
Mataura,-46.1927,168.8643,55.0,79,100,4.41,NZ,1614885299
Kibala,9.1104,18.3463,73.4,40,0,3.4,TD,1614885299
Cherskiy,68.75,161.3,-17.16,98,100,5.44,RU,1614885013
Kavaratti,10.5669,72.642,83.28,55,0,1.97,IN,1614884753
Vilyuysk,63.7553,121.6247,-31.9,96,18,5.61,RU,1614885300
Santa Maria,-29.6842,-53.8069,75.2,83,75,8.05,BR,1614885043
Ulaanbaatar,47.9077,106.8832,-7.6,64,0,2.24,MN,1614885300
Morant Bay,17.8815,-76.4093,84.99,61,20,10.36,JM,1614885300
Bluff,-46.6,168.3333,55.0,79,100,4.81,NZ,1614885301
Narva-Jõesuu,59.4589,28.0408,27.0,80,99,9.28,EE,1614885301
Padang,-0.9492,100.3543,77.0,94,75,2.3,ID,1614885302
Provideniya,64.3833,-173.3,7.5,95,100,33.17,RU,1614885302
Belyy Yar,53.6039,91.3903,15.8,73,83,4.47,RU,1614885345
Ulcinj,41.9294,19.2244,50.0,76,0,3.44,ME,1614885345
Ailigandí,9.2333,-78.0167,80.8,68,1,12.75,PA,1614885346
Hambantota,6.1241,81.1185,77.0,94,1,5.75,LK,1614885075
Yellowknife,62.456,-114.3525,-6.0,71,75,16.11,CA,1614885307
Maragogi,-9.0122,-35.2225,81.37,76,0,12.17,BR,1614885346
Gladstone,-23.85,151.25,71.6,73,40,6.91,AU,1614885347
Carnarvon,-24.8667,113.6333,73.4,88,40,8.05,AU,1614885347
Synya,65.3718,58.0387,6.06,96,100,2.37,RU,1614885347
Mar del Plata,-38.0023,-57.5575,75.2,88,75,5.75,AR,1614885108
Cabra,37.4725,-4.4421,55.99,64,100,7.07,ES,1614885348
San Patricio,28.017,-97.5169,71.6,60,75,14.97,US,1614885348
Maralal,1.0968,36.698,62.78,72,27,7.02,KE,1614885350
Paka,4.6374,103.4368,80.01,89,55,3.44,MY,1614885350
Port Lincoln,-34.7333,135.8667,60.19,87,71,13.6,AU,1614885351
Alice Springs,-23.7,133.8833,73.4,20,27,6.91,AU,1614884883
Conakry,9.538,-13.6773,84.2,70,0,9.22,GN,1614885351
Husavik,66.0449,-17.3389,41.0,70,20,12.66,IS,1614885352
Bullhead City,35.1478,-114.5683,66.0,36,1,6.91,US,1614885352
Nouadhibou,20.931,-17.0347,66.2,68,100,21.85,MR,1614885352
Talnakh,69.4865,88.3972,-6.84,95,100,8.9,RU,1614885352
North Platte,41.1239,-100.7654,68.0,17,1,19.57,US,1614885353
Timiryazevskiy,56.49,84.8769,26.01,84,100,13.51,RU,1614885239
Airai,-8.9266,125.4092,59.68,95,16,0.87,TL,1614884821
Lüderitz,-26.6481,15.1594,73.29,57,0,18.95,NA,1614885109
Bethel,41.3712,-73.414,41.0,36,20,13.8,US,1614885354
La Reforma,18.1,-91.0167,85.91,58,2,3.51,MX,1614885354
Alofi,-19.0595,-169.9187,77.0,94,100,8.05,NU,1614884761
Alta Floresta,-9.8756,-56.0861,87.8,62,40,2.3,BR,1614885355
Guerrero Negro,27.9769,-114.0611,65.52,50,34,15.73,MX,1614884871
Znamenka,52.4167,41.4311,32.2,97,100,12.77,RU,1614885355
Laas,46.6166,10.7002,44.01,75,0,1.95,IT,1614885147
Quepos,9.4236,-84.1652,82.4,47,20,18.41,CR,1614885303
Moïssala,8.3404,17.7663,84.79,13,100,2.53,TD,1614885356
Miesbach,47.789,11.8338,50.0,53,100,3.76,DE,1614885357
Rawson,-43.3002,-65.1023,64.45,62,31,11.79,AR,1614885357
Ostrovnoy,68.0531,39.5131,14.54,92,100,13.22,RU,1614885358
Chara,56.9064,118.2631,-27.89,64,0,2.33,RU,1614885358
Grindavik,63.8424,-22.4338,41.0,87,75,8.05,IS,1614885307
Atar,20.5169,-13.0499,80.42,13,100,11.34,MR,1614885143
Korla,41.7597,86.1469,39.11,61,0,3.0,CN,1614885359
Nagorsk,59.3172,50.8078,21.6,97,100,11.83,RU,1614885359
Berlevåg,70.8578,29.0864,26.6,63,75,14.97,NO,1614885359
Orbetello,42.4408,11.2196,50.0,87,75,4.61,IT,1614885360
San Luis,-33.295,-66.3356,89.83,26,7,7.81,AR,1614885127
Tasiilaq,65.6145,-37.6368,33.8,86,90,2.3,GL,1614885105
Mīrābād,30.4362,61.8383,68.94,24,0,6.11,AF,1614885405
Maniitsoq,65.4167,-52.9,36.45,78,90,9.08,GL,1614885405
Bud,39.447,-86.1758,50.0,37,1,10.36,US,1614885406
Valdez,1.2492,-78.9831,82.2,73,60,10.42,EC,1614885406
São Félix do Xingu,-6.6447,-51.995,86.72,65,53,1.72,BR,1614885406
Vila Franca do Campo,37.7167,-25.4333,59.0,72,20,19.57,PT,1614885407
Niamey,13.5137,2.1098,93.2,8,0,5.75,NE,1614885258
Lavrentiya,65.5833,-171.0,1.08,93,100,25.48,RU,1614885408
Harvard,42.4222,-88.6137,36.0,62,0,7.65,US,1614885409
Holme,56.1138,10.1725,32.0,80,0,3.44,DK,1614885409
Caucayá,-0.1934,-74.7819,89.91,47,71,3.24,CO,1614885410
Pemberton,50.3164,-122.8027,41.0,60,90,2.64,CA,1614885411
Oyem,1.5995,11.5793,71.35,92,76,2.84,GA,1614885412
Mount Darwin,-16.7725,31.5838,67.24,90,97,2.33,ZW,1614885412
Mwinilunga,-11.7358,24.4293,62.94,96,100,3.38,ZM,1614885412
Turukhansk,65.8167,87.9833,-0.49,91,99,17.27,RU,1614885412
Lebu,-37.6167,-73.65,65.17,72,0,16.8,CL,1614885413
Sitka,57.0531,-135.33,37.4,87,40,3.44,US,1614885377
Polyarny,69.1989,33.4478,14.0,92,40,8.95,RU,1614885413
Los Llanos de Aridane,28.6585,-17.9182,66.2,72,20,13.8,ES,1614885413
Kirakira,-10.4544,161.9205,78.98,86,100,11.16,SB,1614884934
Lázaro Cárdenas,17.9583,-102.2,82.15,54,0,9.35,MX,1614885414
Lleida,41.6167,0.6167,57.0,87,12,2.3,ES,1614885178
Vostok,46.4856,135.8833,26.33,98,100,5.95,RU,1614885415
Lata,40.1629,-8.3327,59.0,85,100,5.99,PT,1614885415
Saskylakh,71.9167,114.0833,-33.29,81,87,6.11,RU,1614885124
Ascoli Piceno,42.8548,13.5749,48.99,61,0,3.47,IT,1614885265
Comodoro Rivadavia,-45.8667,-67.5,59.0,94,90,6.91,AR,1614885416
Didsbury,53.417,-2.2315,41.0,65,75,12.66,GB,1614885305
Merrill,45.1805,-89.6835,35.6,41,1,3.02,US,1614885416
Garoua Boulaï,5.8833,14.55,74.77,20,100,5.53,CM,1614885417
Kieta,-6.2167,155.6333,79.12,77,100,8.41,PG,1614885417
Skjervøy,70.0311,20.9714,24.8,93,90,5.75,NO,1614885417
Karakol,42.4907,78.3936,32.16,80,100,5.57,KG,1614885418
Hong Kong,22.2855,114.1577,68.0,89,99,9.31,HK,1614885120
Bogandinskiy,56.8937,65.8938,15.8,86,0,8.95,RU,1614885418
Qixingtai,30.4135,111.8874,55.99,78,94,3.49,CN,1614885418
Stornoway,58.2093,-6.3865,39.2,65,75,5.75,GB,1614885419
Ancud,-41.8697,-73.8203,73.4,46,0,8.05,CL,1614885419
Dikson,73.5069,80.5464,-29.13,83,3,12.48,RU,1614885419
Phek,25.6667,94.5,43.72,72,0,1.12,IN,1614885420
Castro,-24.7911,-50.0119,73.08,76,97,9.98,BR,1614885420
Touros,-5.1989,-35.4608,84.2,70,40,14.97,BR,1614885465
City of San Pedro,14.35,121.0167,78.8,78,20,3.44,PH,1614885465
São José dos Pinhais,-25.5347,-49.2064,73.99,78,75,10.36,BR,1614885465
Tete,-16.1564,33.5867,80.01,94,75,5.75,MZ,1614885467
Flin Flon,54.7682,-101.865,32.0,64,40,3.44,CA,1614885467
Cabo San Lucas,22.8909,-109.9124,81.0,36,75,9.22,MX,1614885357
Pilar,-9.5972,-35.9567,80.6,78,75,14.97,BR,1614885285
Iquique,-20.2208,-70.1431,77.0,65,0,14.97,CL,1614885357
Zykovo,55.9519,93.1461,23.0,58,0,11.18,RU,1614885469
Buraidah,26.326,43.975,73.4,49,0,8.05,SA,1614885469
Awjilah,29.1081,21.2869,57.58,40,0,7.96,LY,1614885469
Nanchong,30.7951,106.0847,55.98,60,100,4.76,CN,1614885307
Longyearbyen,78.2186,15.6401,3.2,78,20,13.8,SJ,1614885470
Constitución,-35.3333,-72.4167,73.96,48,4,18.03,CL,1614885470
Morón,-34.6534,-58.6198,86.0,54,85,5.01,AR,1614885470
Dwārka,22.2394,68.9678,75.65,74,0,8.05,IN,1614885472
Adrar,20.5022,-10.0711,78.08,15,100,9.31,MR,1614885172
Tashtyp,52.7939,89.8983,11.07,90,100,2.15,RU,1614885472
Champasak,14.75,106.0,75.15,67,0,0.87,LA,1614885473
Teguise,29.0605,-13.564,66.2,63,20,8.05,ES,1614885473
Narsaq,60.9167,-46.05,50.0,32,75,39.12,GL,1614885473
Remontnoye,46.5614,43.6501,35.6,75,0,13.42,RU,1614885474
Anadyr,64.75,177.4833,3.2,78,40,6.71,RU,1614885474
Yangi Marg`ilon,40.4272,71.7189,46.4,76,90,4.61,UZ,1614885475
Ahipara,-35.1667,173.1667,62.49,85,3,2.48,NZ,1614885475
Puerto Quijarro,-17.7833,-57.7667,87.58,61,94,4.79,BO,1614885476
Izhma,65.0083,53.9113,3.56,94,96,3.13,RU,1614885476
Salalah,17.0151,54.0924,75.2,88,0,2.3,OM,1614885476
Geraldton,-28.7667,114.6,68.0,94,1,9.22,AU,1614885476
Antrim,54.6667,-6.25,42.01,87,75,8.05,GB,1614885188
Skibbereen,51.55,-9.2667,37.4,87,75,6.91,IE,1614885477
Faanui,-16.4833,-151.75,83.19,74,100,12.26,PF,1614885416
Allada,6.6655,2.1514,86.0,84,40,14.97,BJ,1614885478
Waverley,-25.7023,28.2591,69.01,73,99,1.14,ZA,1614885478
Praia da Vitória,38.7333,-27.0667,61.0,72,20,11.43,PT,1614885478
Candelaria,13.9311,121.4233,75.0,93,25,5.14,PH,1614885478
Varkaus,62.3153,27.873,23.0,68,20,11.5,FI,1614885479
Haapiti,-17.5667,-149.8667,86.0,70,40,5.75,PF,1614885479
Boa Vista,2.8197,-60.6733,89.6,48,75,9.22,BR,1614885480
Kiama,-34.6833,150.8667,62.01,88,8,1.01,AU,1614885481
Bengkulu,-3.8004,102.2655,77.05,85,100,5.73,ID,1614885481
Sinnamary,5.3833,-52.95,81.07,77,8,12.75,GF,1614885482
Tonantins,-2.8731,-67.8022,79.74,91,94,5.08,BR,1614885482
Majene,-3.5403,118.9707,78.17,80,99,5.61,ID,1614885483
Morro Bay,35.3658,-120.8499,64.0,81,0,4.0,US,1614885483
Zyryanka,65.75,150.85,-14.69,91,100,29.15,RU,1614885525
Markova,48.6758,24.4138,48.2,46,0,4.47,UA,1614885525
Sturgeon Falls,46.3646,-79.9326,16.0,40,1,12.66,CA,1614885525
Tilichiki,60.4667,166.1,-16.08,84,98,14.97,RU,1614885526
Asău,46.4333,26.4,54.0,30,0,14.97,RO,1614885526
Guía de Isora,28.2115,-16.7795,66.2,68,20,6.91,ES,1614885526
Tabou,4.423,-7.3528,80.37,85,51,9.08,CI,1614885527
Mabay,6.0577,124.4666,78.03,80,97,4.16,PH,1614885527
Lufilufi,-13.8745,-171.5986,82.4,89,20,11.54,WS,1614885527
Lorengau,-2.0226,147.2712,81.45,81,100,7.92,PG,1614885527
Ust-Kuyga,70.0167,135.6,-21.44,96,100,3.67,RU,1614885527
Mount Gambier,-37.8333,140.7667,53.6,87,75,6.91,AU,1614885528
Mundo Nuevo (Ojo de Agua),18.7,-95.5,75.63,79,100,9.95,MX,1614885528
Oktyabr'skoye,43.0645,44.7417,32.0,74,0,6.71,RU,1614885528
Suşehri,40.1644,38.0867,28.38,85,0,1.14,TR,1614885528
Mirpur Mathelo,28.0227,69.5489,75.99,15,70,5.5,PK,1614885528
Lompoc,34.6391,-120.4579,60.8,55,20,9.22,US,1614885244
Taoudenni,22.6783,-3.9836,75.97,17,0,10.4,ML,1614885529
Erenhot,43.6475,111.9767,18.21,73,44,17.25,CN,1614885529
Zelenoborskiy,66.845,32.3622,14.0,86,48,7.74,RU,1614885529
Latung,5.5,120.8833,81.72,74,0,6.71,PH,1614885529
Bulawayo,-20.15,28.5833,64.8,64,1,6.08,ZW,1614885530
Langsa,4.4683,97.9683,75.51,88,14,1.68,ID,1614885530
Bidor,4.1139,101.2884,78.8,94,20,1.14,MY,1614885530
Rudnogorsk,57.2639,103.7519,-13.04,91,100,3.11,RU,1614885531
Salinópolis,-0.6136,-47.3561,82.29,78,100,8.32,BR,1614885531
Peniche,39.3558,-9.3811,57.0,88,100,10.0,PT,1614885307
Largo,27.9095,-82.7873,72.0,56,0,12.66,US,1614885525
Palmer,42.1584,-72.3287,37.0,41,75,17.27,US,1614885533
Garoowe,8.4054,48.4845,70.5,72,93,16.44,SO,1614885534
Inuvik,68.3499,-133.7218,-13.0,70,81,5.75,CA,1614885534
Buckeye,33.3703,-112.5838,69.01,38,0,1.01,US,1614885373
San Juan,-31.5375,-68.5364,92.48,23,0,7.56,AR,1614885405
Ngunguru,-35.6167,174.5,57.0,97,0,1.99,NZ,1614885535
Fairlie,55.756,-4.8556,39.99,60,90,11.5,GB,1614885536
Lenauheim,45.8719,20.7994,48.99,100,0,5.75,RO,1614885536
Bangassou,4.7413,22.8184,78.82,23,0,1.7,CF,1614885536
Kisangani,0.5167,25.2,81.45,48,54,2.13,CD,1614885537
Kiryat Gat,31.61,34.7642,54.0,100,11,4.85,IL,1614885537
Samarai,-10.6167,150.6667,81.34,75,100,11.03,PG,1614885537
Keetmanshoop,-26.5833,18.1333,84.2,26,81,4.61,NA,1614885538
Havelock,34.8791,-76.9013,69.01,24,1,11.5,US,1614885363
Poanas,25.7667,-103.6167,84.2,14,40,3.62,MX,1614885538
Bria,6.5423,21.9863,81.18,20,0,2.17,CF,1614885538
Nara,34.6851,135.8049,52.0,76,100,7.7,JP,1614885539
Clyde River,70.4692,-68.5914,-18.4,76,20,10.36,CA,1614885460
Sabalgarh,26.25,77.4,70.99,20,0,3.85,IN,1614885585
Merauke,-8.4667,140.3333,77.54,90,100,14.03,ID,1614885585
Santa Cruz de la Sierra,-17.8,-63.1667,86.0,65,75,8.05,BO,1614885401
Tromsø,69.6496,18.957,25.0,93,90,2.3,NO,1614885522
Buala,-8.145,159.5921,77.31,84,100,4.9,SB,1614885586
Tuatapere,-46.1333,167.6833,55.0,79,100,4.47,NZ,1614885587
Monrovia,6.3005,-10.7969,80.6,83,40,7.34,LR,1614885587
College,64.8569,-147.8028,-0.99,71,75,4.61,US,1614885587
Haines Junction,60.7522,-137.5108,19.4,63,100,4.61,CA,1614885587
Narrabri,-30.3167,149.7833,55.4,82,0,2.62,AU,1614885588
Priyutnoye,46.1011,43.5072,35.17,75,0,10.85,RU,1614885589
Ewo,-0.8725,14.8206,84.42,57,84,6.82,CG,1614885589
Chapleau,47.8405,-83.4034,14.0,44,1,10.36,CA,1614885589
Oistins,13.0667,-59.5333,82.4,61,40,18.41,BB,1614885589
Pitanga,-24.7572,-51.7614,68.31,98,100,5.14,BR,1614885590
Bulgan,48.8125,103.5347,5.61,84,0,1.66,MN,1614885590
Lokosovo,61.1333,74.8167,21.25,96,100,5.93,RU,1614885590
Xining,36.6167,101.7667,30.88,72,100,1.95,CN,1614885590
Emirdağ,39.0197,31.15,35.92,78,0,2.04,TR,1614885592
Naze,28.3667,129.4833,63.19,85,73,15.23,JP,1614885592
Suntar,62.1444,117.6319,-25.89,83,37,6.38,RU,1614885592
Bandarbeyla,9.4942,50.8122,76.62,79,100,13.65,SO,1614885592
Sawtell,-30.3833,153.1,66.99,72,0,12.66,AU,1614885593
Ucluelet,48.9329,-125.5528,45.0,93,90,24.16,CA,1614885311
Fortuna,40.5982,-124.1573,57.0,58,100,4.0,US,1614885593
Araouane,18.9048,-3.5265,80.17,15,100,11.16,ML,1614885594
Lakatoro,-16.0999,167.4164,77.56,90,100,13.67,VU,1614885594
Jasper,37.2001,-94.3502,69.8,24,1,11.5,US,1614885307
Liku,-0.7275,119.8922,74.7,84,98,2.13,ID,1614885594
Krasnosel'kup,65.7,82.4667,9.46,95,99,11.27,RU,1614885594
Ponta do Sol,32.6667,-17.1,61.0,72,98,3.0,PT,1614885595
Smithers,54.7804,-127.1743,39.2,60,75,4.61,CA,1614885316
Rumoi,43.9344,141.6428,36.14,84,100,10.33,JP,1614885595
Cayenne,4.9333,-52.3333,86.0,66,75,11.5,GF,1614885596
Moose Factory,51.2585,-80.6094,5.0,39,1,16.11,CA,1614885596
Kavieng,-2.5744,150.7967,82.49,77,99,10.2,PG,1614885596
Indramayu,-6.3264,108.32,78.71,82,100,5.84,ID,1614885596
Suicheng,33.8963,117.9331,47.75,74,99,5.14,CN,1614885597
Sawang Daen Din,17.4753,103.4575,75.0,82,0,1.23,TH,1614885597
Hofn,64.2539,-15.2082,39.74,72,0,4.92,IS,1614885598
Ust'-Kulom,61.6864,53.6902,12.31,96,92,3.98,RU,1614885598
Atambua,-9.1061,124.8925,73.47,88,8,1.61,ID,1614885598
Malé,4.1748,73.5089,84.2,74,40,16.11,MV,1614885309
Kenai,60.5544,-151.2583,14.0,71,1,4.61,US,1614885418
Puerto Carreño,6.189,-67.4859,95.02,33,100,5.59,CO,1614885598
Togur,58.3631,82.8265,28.87,97,100,15.55,RU,1614885599
Ilulissat,69.2167,-51.1,26.6,68,40,9.22,GL,1614885599
Dargaville,-35.9333,173.8833,59.94,91,17,3.2,NZ,1614885599
Tianmen,30.6516,113.1603,54.07,77,100,7.0,CN,1614885645
Vyazemskiy,47.5378,134.7525,32.0,99,100,6.29,RU,1614885645
Āwash,8.9833,40.1667,76.46,24,6,5.28,ET,1614885645
Sobolevo,54.4299,31.8996,27.64,90,100,6.85,RU,1614885646
Ekhabi,53.5102,142.9671,-6.11,91,100,11.79,RU,1614885646
Huarmey,-10.0681,-78.1522,77.79,71,77,9.08,PE,1614885646
Tura,25.5198,90.2201,65.19,27,0,2.28,IN,1614885647
Kabanjahe,3.1001,98.4908,77.0,94,40,2.57,ID,1614885647
Chimoré,-16.9833,-65.1333,91.24,54,55,2.06,BO,1614885647
Ciuperceni,43.7667,24.95,51.8,54,1,6.4,RO,1614885647
Dandong,40.1292,124.3947,38.55,95,100,5.7,CN,1614885648
Nanortalik,60.1432,-45.2371,37.99,86,99,13.82,GL,1614885648
Kīhei,20.785,-156.4656,73.4,64,20,9.22,US,1614885509
Kumul,42.8,93.45,36.7,66,51,8.55,CN,1614885649
Sioux Lookout,50.1001,-91.917,33.8,44,75,3.44,CA,1614885649
Wakefield,53.6809,-1.499,39.99,77,100,9.28,GB,1614885649
Rome,43.2128,-75.4557,28.99,46,1,19.57,US,1614885555
Resistencia,-27.4606,-58.9839,86.0,61,40,8.05,AR,1614885650
Lagoa,39.05,-27.9833,57.65,65,100,9.1,PT,1614885650
Tiznit Province,29.5833,-9.5,56.26,78,27,6.73,MA,1614885650
Veinticinco de Mayo,-35.4323,-60.1727,90.0,39,43,4.0,AR,1614885651
Aberdeen,57.1437,-2.0981,37.4,81,90,6.91,GB,1614885467
Zadar,44.1197,15.2422,41.0,87,0,3.44,HR,1614885651
Dunedin,-45.8742,170.5036,57.99,53,100,1.99,NZ,1614885651
Bar Harbor,44.3876,-68.2039,35.01,37,1,13.8,US,1614885652
Beloha,-25.1667,45.05,74.88,85,0,5.77,MG,1614885652
Isabela,6.7085,121.9711,77.0,83,40,1.14,PH,1614885652
Vila Velha,-20.3297,-40.2925,88.0,58,20,17.27,BR,1614885495
Deputatsky,69.3,139.9,-24.83,86,100,9.44,RU,1614885653
Forrest City,35.0081,-90.7898,69.8,30,1,1.66,US,1614885653
Sur,22.5667,59.5289,77.95,44,0,5.28,OM,1614885653
Maxixe,-23.8597,35.3472,78.8,83,20,5.53,MZ,1614885455
Sangar,63.9242,127.4739,-39.55,81,93,6.06,RU,1614885654
Mananjary,-21.2167,48.3333,75.09,93,100,7.94,MG,1614885654
Safaga,26.7292,33.9365,62.6,39,0,10.36,EG,1614885654
San Quintín,30.4833,-115.95,60.76,64,100,6.93,MX,1614885655
Mahenge,-8.6833,36.7167,65.64,100,100,1.21,TZ,1614885655
Yulara,-25.2406,130.9889,82.4,24,10,10.36,AU,1614885655
Benguela,-12.5763,13.4055,77.18,84,42,5.7,AO,1614885655
Winton,37.3894,-120.6133,57.99,67,1,5.55,US,1614885655
La Ronge,55.1001,-105.2842,28.4,69,100,3.44,CA,1614885656
San Cristobal,7.7669,-72.225,87.8,51,20,11.5,VE,1614885656
Balkhash,46.844,74.9804,29.34,97,100,4.54,KZ,1614885656
Takoradze,4.8845,-1.7554,81.09,85,53,9.73,GH,1614885656
Dicabisagan,17.0818,122.4157,74.8,87,24,1.77,PH,1614885657
Manono,-7.3,27.4167,72.57,84,100,1.36,CD,1614885657
Byron Bay,-28.65,153.6167,59.0,94,0,4.54,AU,1614885602
Magdalena,14.1999,121.429,78.8,78,20,3.44,PH,1614885705
Isangel,-19.55,169.2667,78.8,94,90,20.71,VU,1614885705
Māndal,25.45,74.5667,72.3,21,0,8.05,IN,1614885706
Healdsburg,38.6105,-122.8692,59.0,62,75,6.91,US,1614885408
Port-Cartier,50.0334,-66.8654,19.99,45,90,17.27,CA,1614885707
Aykhal,66.0,111.5,-31.99,78,41,7.09,RU,1614885707
Enid,36.3956,-97.8784,71.6,30,1,17.27,US,1614885432
Chapais,49.7834,-74.8492,1.4,78,90,14.97,CA,1614885708
Mount Isa,-20.7333,139.5,73.4,16,36,10.36,AU,1614885708
Alpena,45.0617,-83.4327,25.0,46,1,17.27,US,1614885709
Soni,-4.85,38.3667,65.21,91,100,3.56,TZ,1614885710
Alihe,50.5667,123.7167,-13.59,84,0,5.5,CN,1614885710
São João da Barra,-21.6403,-41.0511,86.0,58,0,16.11,BR,1614885710
Bodden Town,19.2833,-81.25,84.2,58,20,8.05,KY,1614885711
Chui,-33.6971,-53.4616,75.63,81,100,10.76,UY,1614885689
Cuamba,-14.8031,36.5372,70.92,95,100,3.22,MZ,1614885711
Gizo Government Station,-8.103,156.8419,82.09,78,99,17.49,SB,1614885711
Mozarlândia,-14.7447,-50.5706,84.06,67,87,3.94,BR,1614885712
Vestmannaeyjar,63.4427,-20.2734,41.0,81,75,6.91,IS,1614885713
Macusani,-14.0833,-70.4333,50.58,57,88,11.86,PE,1614885713
Novyy Urgal,51.0736,132.5642,4.42,85,100,4.76,RU,1614885714
Wuwei,37.9281,102.6414,34.2,71,0,0.67,CN,1614885714
Grand Gaube,-20.0064,57.6608,77.0,82,27,1.01,MU,1614885717
Boguchany,58.3814,97.4531,9.01,94,100,7.25,RU,1614885718
Corner Brook,48.9667,-57.9484,24.8,80,90,26.46,CA,1614885718
Arman',59.7,150.1667,-19.07,79,1,3.89,RU,1614885719
Magadan,59.5667,150.8,-20.9,86,21,2.35,RU,1614885719
Gobabis,-22.45,18.9667,72.23,40,0,9.86,NA,1614885719
Hualmay,-11.0964,-77.6139,78.31,64,100,8.97,PE,1614885720
Caohai,26.8661,104.2841,41.65,89,35,4.41,CN,1614885720
Karaton,-6.3424,106.1045,81.0,83,20,4.61,ID,1614885721
Bryan,30.6744,-96.37,72.0,32,1,8.05,US,1614885721
Boa Viagem,-5.1275,-39.7322,86.31,56,77,8.1,BR,1614885723
Lixouri,38.2019,20.4314,53.6,87,20,3.96,GR,1614885723
Pathein,16.7833,94.7333,71.11,87,0,5.91,MM,1614885723
Paragominas,-2.9667,-47.4833,80.67,89,100,3.53,BR,1614885723
Broken Hill,-31.95,141.4333,59.0,44,55,10.36,AU,1614885723
Abashiri,44.0213,144.2697,36.0,67,100,7.0,JP,1614885724
Methóni,36.8197,21.7049,55.99,76,0,4.61,GR,1614885724
Ndendé,-2.4008,11.3581,75.81,91,100,3.47,GA,1614885437
San Luis Río Colorado,32.4631,-114.7767,66.99,39,20,5.75,MX,1614885725
Tygda,53.1167,126.3333,-15.3,79,0,11.21,RU,1614885725
Luebo,-5.35,21.4167,77.04,68,35,0.83,CD,1614885725
Miles City,46.4083,-105.8406,51.8,35,1,4.61,US,1614885726
Ternate,0.8,127.4,80.04,79,100,6.67,ID,1614885765
Ikalamavony,-21.15,46.5833,68.94,91,100,2.64,MG,1614885765
Acaraú,-2.8856,-40.12,83.93,68,97,15.9,BR,1614885766
Taunggyi,20.7833,97.0333,56.08,38,0,3.71,MM,1614885766
Vallenar,-28.5708,-70.7581,86.67,36,0,10.42,CL,1614885540
Gigmoto,13.7796,124.39,77.7,79,66,8.39,PH,1614885767
Hede,33.7681,120.2517,42.67,91,0,4.23,CN,1614885767
Ola,59.5833,151.2833,-18.71,91,60,2.59,RU,1614885767
Coahuayana Viejo,18.7333,-103.6833,86.0,30,1,9.22,MX,1614885767
Saint-Pierre,-21.3393,55.4781,78.8,78,90,5.75,RE,1614885768
Province of Mantua,45.1667,10.7833,52.0,76,21,1.01,IT,1614885768
Waingapu,-9.6567,120.2641,78.22,78,97,4.94,ID,1614885768
Kysyl-Syr,63.8986,122.7617,-33.25,82,1,5.3,RU,1614885769
Umluj,25.0213,37.2685,66.2,47,0,15.68,SA,1614885769
Harper,4.375,-7.7169,80.55,85,25,8.84,LR,1614885769
Griffith,41.5284,-87.4237,37.0,64,90,13.8,US,1614885769
Olafsvik,64.8945,-23.7142,41.11,89,99,12.37,IS,1614885769
Florence,43.7667,11.25,52.0,76,0,2.3,IT,1614885682
Rahā,26.2333,92.5167,66.11,41,0,2.62,IN,1614885682
Fort Nelson,58.8053,-122.7002,6.8,72,90,2.3,CA,1614885771
Bordighera,43.7806,7.6645,53.6,87,40,5.75,IT,1614885771
Ukiah,39.1502,-123.2078,54.0,58,75,8.05,US,1614885547
Ajmer,26.45,74.6333,67.05,23,1,6.11,IN,1614885744
Manavālakurichi,8.1333,77.3,82.4,65,20,7.67,IN,1614885772
Nizhniy Baskunchak,48.2198,46.8311,34.47,83,0,18.88,RU,1614885772
São Filipe,14.8961,-24.4956,71.6,72,65,14.81,CV,1614885772
Mayumba,-3.432,10.6554,80.89,86,100,6.51,GA,1614885774
Libertador General San Martín,-23.8064,-64.7876,86.0,67,10,1.01,AR,1614885774
Tacuarembó,-31.7333,-55.9833,74.21,86,100,3.22,UY,1614885774
Kupang,-10.1667,123.5833,78.42,83,12,1.34,ID,1614885775
Point Fortin,10.1833,-61.6833,80.01,89,6,5.99,TT,1614885775
Doka,13.5167,35.7667,84.16,24,0,14.05,SD,1614885775
Panabá,21.2833,-88.2667,81.5,62,95,12.93,MX,1614885775
Weligama,5.9667,80.4167,74.14,77,0,7.56,LK,1614885689
Klin,56.3333,36.7333,28.4,64,0,6.71,RU,1614885765
Jonesboro,35.8423,-90.7043,69.01,34,1,6.91,US,1614885545
Manali,13.1667,80.2667,75.2,78,20,2.77,IN,1614885778
Mehamn,71.0357,27.8492,26.6,59,40,23.02,NO,1614885778
Gwanda,-20.9333,29.0,69.51,54,0,5.19,ZW,1614885778
Bonthe,7.5264,-12.505,80.82,80,56,9.24,SL,1614885779
Bilma,18.6853,12.9164,74.32,10,0,8.75,NE,1614885779
Ovsyanka,55.9575,92.5519,23.0,58,0,11.18,RU,1614885779
Tawang Town,27.5833,91.8667,32.86,90,98,0.18,IN,1614885779
Giohar,2.7809,45.5005,76.14,80,52,16.4,SO,1614885780
Vardø,70.3705,31.1107,24.8,74,75,16.11,NO,1614885780
Anaco,9.4389,-64.4728,88.79,44,97,3.74,VE,1614885781
Faya,18.3851,42.4509,60.8,88,0,5.75,SA,1614885781
Mapastepec,15.4333,-92.9,93.7,35,100,10.13,MX,1614885825
Isesaki,36.3167,139.2,43.0,73,100,4.0,JP,1614885825
Warrnambool,-38.3833,142.4833,53.01,84,100,11.72,AU,1614885827
Broome,42.2506,-75.833,30.0,54,90,14.97,US,1614885827
North Bend,43.4065,-124.2243,59.0,54,90,10.36,US,1614885827
Pierrelatte,44.3776,4.702,54.0,76,90,2.3,FR,1614885827
Progreso,21.2833,-89.6667,81.0,69,75,9.22,MX,1614885828
Nānākuli,21.3906,-158.1547,73.4,64,1,6.91,US,1614885829
Kapoeta,4.7717,33.5903,87.13,27,0,6.85,SS,1614885829
Makubetsu,45.3714,141.8211,36.7,82,93,28.77,JP,1614885830
Tapes,-30.6733,-51.3958,80.29,73,100,5.48,BR,1614885830
Honolulu,21.3069,-157.8583,73.4,60,40,5.75,US,1614885535
Ust'-Karsk,52.7011,118.8077,-20.16,81,5,1.28,RU,1614885830
Taman',45.2117,36.7161,42.8,61,54,17.9,RU,1614885831
Eugene,44.0521,-123.0867,54.0,62,75,4.61,US,1614885669
Shimoda,34.6667,138.95,45.0,88,100,6.62,JP,1614885833
Sendafa,9.15,39.0333,62.6,29,20,13.8,ET,1614885833
Oyama,36.3,139.8,53.01,93,75,1.14,JP,1614885834
Umm Kaddadah,13.6017,26.6876,70.32,21,0,20.78,SD,1614885834
Japura,-0.3167,102.35,74.48,93,62,2.01,ID,1614885835
Pitimbu,-7.4706,-34.8086,82.4,83,75,18.41,BR,1614885835
Ishigaki,24.3448,124.1572,70.21,87,77,15.41,JP,1614885835
Bereket,39.2446,55.5154,45.72,57,0,8.3,TM,1614885836
Corozal,9.3151,-75.2928,94.62,29,28,5.41,CO,1614885672
Ambon City,-3.6954,128.1814,81.01,78,100,7.49,ID,1614885836
Erzin,36.9559,36.2,57.0,68,0,4.18,TR,1614885838
Hamilton,39.1834,-84.5333,52.0,35,1,16.11,US,1614885573
Arlit,18.7369,7.3853,83.84,13,63,9.35,NE,1614885838
Mundra,22.85,69.7333,75.18,60,0,10.63,IN,1614885838
Kawalu,-7.3817,108.2082,74.28,88,100,1.07,ID,1614885839
Igrim,63.1906,64.4162,13.17,97,98,3.38,RU,1614885839
Hue,16.4667,107.6,71.6,94,40,3.44,VN,1614885839
Kushmurun,52.4503,64.6311,14.95,94,0,13.58,KZ,1614885840
Saint-François,46.4154,3.9054,46.4,87,28,2.3,FR,1614885840
Mumford,5.2618,-0.759,81.3,83,58,14.16,GH,1614885840
Shimorskoye,55.3244,42.0267,23.09,96,100,4.12,RU,1614885841
Tieling,42.2931,123.8414,36.21,83,100,5.57,CN,1614885841
Port Hedland,-20.3167,118.5667,77.0,65,0,12.66,AU,1614885841
Dunmanway,51.7167,-9.1167,39.2,87,75,6.91,IE,1614885842
Ponta Delgada,37.7333,-25.6667,59.0,72,20,19.57,PT,1614885842
Sena Madureira,-9.0656,-68.6569,90.0,48,91,3.67,BR,1614885842
Lábrea,-7.2586,-64.7981,82.72,84,100,4.36,BR,1614885722
Okny,47.5404,29.46,46.36,59,9,2.48,UA,1614885842
Nadym,65.5333,72.5167,12.96,96,92,10.69,RU,1614885843
Canavieiras,-15.675,-38.9472,84.2,70,0,8.05,BR,1614885843
Port Angeles,48.1181,-123.4307,48.2,76,1,1.16,US,1614885686
Grootfontein,-19.5667,18.1167,62.6,77,1,3.71,NA,1614885885
Muravlenko,63.7898,74.523,15.03,97,100,10.38,RU,1614885885
Bathsheba,13.2167,-59.5167,82.4,61,40,18.41,BB,1614885886
Khakhea,-24.6895,23.494,77.65,32,7,2.06,BW,1614885886
Atasū,48.6814,71.6433,28.04,98,100,18.39,KZ,1614885886
Misratah,32.3754,15.0925,59.5,67,80,22.06,LY,1614885887
Te Anau,-45.4167,167.7167,47.5,96,100,5.82,NZ,1614885887
Novoblagodarnoye,44.1433,42.875,30.2,74,0,4.47,RU,1614885887
Sambava,-14.2667,50.1667,79.21,85,59,4.9,MG,1614885887
Bubaque,11.2833,-15.8333,78.39,72,11,14.94,GW,1614885888
Mahon,39.8885,4.2658,51.8,82,0,5.75,ES,1614885722
Zhuhai,22.2769,113.5678,68.0,88,40,9.22,CN,1614885888
Nelson Bay,-32.7167,152.15,62.01,88,0,10.36,AU,1614885888
Atbasar,51.8,68.3333,17.42,96,85,13.98,KZ,1614885890
Biak,-0.9131,122.8766,75.94,76,100,3.74,ID,1614885890
Sri Aman,1.2376,111.4621,75.2,94,30,2.3,MY,1614885891
Pailón,-17.65,-62.75,86.0,66,75,11.5,BO,1614885891
Erzurum Province,40.0,41.5,19.4,86,0,1.14,TR,1614885891
Zhangjiakou,40.81,114.8794,40.46,51,100,3.06,CN,1614885751
